{
  "total_comments": 1044,
  "average_length": 25.06800766283525,
  "top_words": [
    [
      "质量",
      221
    ],
    [
      "老人",
      219
    ],
    [
      "不错",
      203
    ],
    [
      "方便",
      162
    ],
    [
      "非常",
      123
    ],
    [
      "轻便",
      99
    ],
    [
      "助行器",
      86
    ],
    [
      "满意",
      86
    ],
    [
      "结实",
      78
    ],
    [
      "收到",
      73
    ],
    [
      "好用",
      72
    ],
    [
      "使用",
      71
    ],
    [
      "发货",
      64
    ],
    [
      "好评",
      61
    ],
    [
      "实用",
      61
    ],
    [
      "物流",
      56
    ],
    [
      "起来",
      55
    ],
    [
      "安装",
      54
    ],
    [
      "客服",
      54
    ],
    [
      "值得",
      54
    ],
    [
      "做工",
      50
    ],
    [
      "东西",
      49
    ],
    [
      "推荐",
      47
    ],
    [
      "材质",
      46
    ],
    [
      "走路",
      43
    ],
    [
      "很快",
      41
    ],
    [
      "购买",
      39
    ],
    [
      "比较",
      39
    ],
    [
      "折叠",
      37
    ],
    [
      "品牌",
      37
    ],
    [
      "稳固",
      36
    ],
    [
      "没有",
      35
    ],
    [
      "快递",
      35
    ],
    [
      "行走",
      34
    ],
    [
      "需要",
      33
    ],
    [
      "家里",
      32
    ],
    [
      "感觉",
      32
    ],
    [
      "轻巧",
      30
    ],
    [
      "不用",
      30
    ],
    [
      "手术",
      30
    ],
    [
      "问题",
      29
    ],
    [
      "顺丰",
      28
    ],
    [
      "喜欢",
      28
    ],
    [
      "安全",
      28
    ],
    [
      "一下",
      27
    ],
    [
      "产品",
      26
    ],
    [
      "康复",
      26
    ],
    [
      "铝合金",
      25
    ],
    [
      "高度",
      25
    ],
    [
      "商家",
      24
    ]
  ],
  "keywords": [
    [
      "老人",
      0.16762671318065633
    ],
    [
      "质量",
      0.1539500039883736
    ],
    [
      "不错",
      0.15100510457904795
    ],
    [
      "助行器",
      0.12358576815114797
    ],
    [
      "方便",
      0.12269812023425171
    ],
    [
      "轻便",
      0.1025519796130256
    ],
    [
      "好用",
      0.09211033059358095
    ],
    [
      "发货",
      0.07837177034008895
    ],
    [
      "结实",
      0.07504205495594664
    ],
    [
      "非常",
      0.07249715227549225
    ]
  ]
}